diphucephala_sp_3	diphucephala_sp_3	3.830E-11	417	1.021E+00	1.000E+00	1.000E+00	1.000	49	1.000	1.000
diphucephala_sp_3	diphucephala_sp_2	1.387E-08	274	8.711E-01	8.555E-01	8.555E-01	0.979	49	1.000	1.000
diphucephala_sp_3	gkke00000000_1	1.387E-08	274	8.707E-01	8.550E-01	8.550E-01	0.979	49	1.000	1.000
diphucephala_sp_3	gkke00000000_2	1.387E-08	274	8.711E-01	8.555E-01	8.555E-01	0.979	49	1.000	1.000
orphnus_sp_1	orphnus_sp_1	6.079E-10	390	1.021E+00	1.000E+00	1.000E+00	1.000	48	1.000	1.000
orphnus_sp_1	phyllotocus_sp_3	1.187E-05	177	7.761E-01	7.624E-01	6.032E-01	0.604	48	1.000	0.762
orphnus_sp_1	gkjd00000000_2	5.178E-05	160	7.872E-01	7.597E-01	5.932E-01	0.595	47	0.979	0.734
orphnus_sp_1	lepiserica_sp_4	5.178E-05	159	7.748E-01	7.611E-01	5.923E-01	0.583	48	1.000	0.750
orphnus_sp_1	allokotarsa_sp_3	5.178E-05	152	7.513E-01	7.384E-01	5.791E-01	0.562	48	1.000	0.750
orphnus_sp_1	srr1562205_1	6.224E-05	147	7.775E-01	7.512E-01	5.907E-01	0.333	51	0.979	0.797
orphnus_sp_1	lepiserica_sp_5	1.563E-04	144	7.951E-01	7.241E-01	7.115E-01	0.454	44	0.917	0.898
orphnus_sp_1	migdolus_fryanus_4	3.923E-04	127	7.886E-01	6.944E-01	5.156E-01	0.404	42	0.875	0.618
orphnus_sp_1	srr1562205_4	3.923E-04	126	7.687E-01	6.925E-01	5.154E-01	0.395	43	0.896	0.632
orphnus_sp_1	migdolus_fryanus_1	6.815E-04	112	6.998E-01	6.884E-01	5.446E-01	0.326	52	1.000	0.812
orphnus_sp_1	srr1562204_4	6.815E-04	112	6.998E-01	6.884E-01	5.446E-01	0.326	52	1.000	0.812
orphnus_sp_1	serica_brunnea_1	6.815E-04	105	6.492E-01	5.914E-01	4.829E-01	0.454	44	0.917	0.721
srr1562204_2	srr1562204_2	1.555E-16	582	1.015E+00	1.000E+00	1.000E+00	1.000	68	1.000	1.000
srr1562204_2	srr1562205_4	5.588E-12	315	7.575E-01	7.476E-01	7.476E-01	0.985	68	1.000	1.000
srr1562204_2	migdolus_fryanus_4	5.225E-12	314	7.562E-01	7.463E-01	7.463E-01	0.985	68	1.000	1.000
srr1562204_2	serica_brunnea_1	1.461E-04	105	6.929E-01	5.968E-01	6.494E-01	0.257	66	0.971	0.934
srr1562204_2	srr1562205_1	1.117E-04	93	6.180E-01	5.229E-01	5.512E-01	0.483	62	0.882	0.891
srr1562204_2	gkjd00000000_3	9.762E-05	90	5.737E-01	4.701E-01	5.165E-01	0.250	64	0.809	0.984
srr1562204_2	allokotarsa_sp_3	4.902E-04	86	6.681E-01	5.396E-01	5.687E-01	0.271	59	0.868	0.844
srr1562204_2	migdolus_fryanus_1	2.677E-04	86	6.276E-01	5.253E-01	5.531E-01	0.475	61	0.897	0.875
srr1562204_2	srr1562204_4	2.677E-04	86	6.276E-01	5.253E-01	5.531E-01	0.475	61	0.897	0.875
sitophilus_oryzae_2	sitophilus_oryzae_2	7.668E-08	243	1.029E+00	1.000E+00	1.000E+00	1.000	36	1.000	1.000
sitophilus_zeamais_2	sitophilus_zeamais_2	1.017E-07	257	1.029E+00	1.000E+00	1.000E+00	1.000	36	1.000	1.000
sitophilus_zeamais_2	srr19974962_1	1.017E-07	257	1.029E+00	1.000E+00	1.000E+00	1.000	36	1.000	1.000
sitophilus_zeamais_2	gdmq00000000_1	1.094E-07	255	1.017E+00	9.895E-01	9.895E-01	0.972	36	1.000	1.000
srr1562205_4	srr1562205_4	1.470E-16	597	1.015E+00	1.000E+00	1.000E+00	1.000	68	1.000	1.000
srr1562205_4	migdolus_fryanus_4	1.282E-15	560	1.004E+00	9.897E-01	9.897E-01	1.000	68	1.000	1.000
srr1562205_4	srr1562204_2	1.741E-11	314	7.575E-01	7.476E-01	7.476E-01	0.985	68	1.000	1.000
srr1562205_4	migdolus_fryanus_1	1.808E-06	140	6.577E-01	5.647E-01	5.954E-01	0.508	61	0.897	0.906
srr1562205_4	srr1562204_4	1.808E-06	140	6.577E-01	5.647E-01	5.954E-01	0.508	61	0.897	0.906
srr1562205_4	srr1562205_1	3.057E-06	134	6.450E-01	5.564E-01	5.857E-01	0.508	61	0.897	0.906
srr1562205_4	phyllotocus_sp_3	3.953E-05	120	6.931E-01	5.980E-01	6.343E-01	0.343	67	0.971	0.905
srr1562205_4	orphnus_sp_1	1.375E-04	110	7.687E-01	5.154E-01	6.925E-01	0.395	43	0.632	0.896
srr1562205_4	allokotarsa_sp_3	4.482E-04	97	6.977E-01	5.645E-01	5.949E-01	0.288	59	0.868	0.844
srr1562205_4	gkjd00000000_3	3.681E-04	93	7.015E-01	4.471E-01	4.913E-01	0.288	45	0.662	0.672
srr1562205_4	serica_brunnea_1	3.931E-04	93	7.067E-01	4.497E-01	4.944E-01	0.288	45	0.662	0.672
gdmq00000000_1	gdmq00000000_1	1.017E-07	257	1.029E+00	1.000E+00	1.000E+00	1.000	36	1.000	1.000
gdmq00000000_1	sitophilus_zeamais_2	1.094E-07	255	1.017E+00	9.895E-01	9.895E-01	0.972	36	1.000	1.000
gdmq00000000_1	srr19974962_1	1.094E-07	255	1.017E+00	9.896E-01	9.896E-01	0.972	36	1.000	1.000
diphucephala_sp_2	diphucephala_sp_2	1.352E-10	400	1.021E+00	1.000E+00	1.000E+00	1.000	49	1.000	1.000
diphucephala_sp_2	gkke00000000_2	1.352E-10	400	1.021E+00	1.000E+00	1.000E+00	1.000	49	1.000	1.000
diphucephala_sp_2	gkke00000000_1	1.743E-10	396	1.021E+00	1.000E+00	1.000E+00	1.000	49	1.000	1.000
diphucephala_sp_2	diphucephala_sp_3	2.653E-08	272	8.711E-01	8.555E-01	8.555E-01	0.979	49	1.000	1.000
psylliodes_chrysocephalus_2	gjvo00000000_1	2.634E-13	487	1.016E+00	1.000E+00	1.000E+00	1.000	65	1.000	1.000
psylliodes_chrysocephalus_2	psylliodes_chrysocephalus_2	2.634E-13	487	1.016E+00	1.000E+00	1.000E+00	1.000	65	1.000	1.000
migdolus_fryanus_4	migdolus_fryanus_4	1.404E-16	599	1.015E+00	1.000E+00	1.000E+00	1.000	68	1.000	1.000
migdolus_fryanus_4	srr1562205_4	8.785E-16	567	1.004E+00	9.897E-01	9.897E-01	1.000	68	1.000	1.000
migdolus_fryanus_4	srr1562204_2	1.095E-11	319	7.562E-01	7.463E-01	7.463E-01	0.985	68	1.000	1.000
migdolus_fryanus_4	migdolus_fryanus_1	2.134E-06	141	6.751E-01	5.707E-01	6.018E-01	0.500	60	0.882	0.891
migdolus_fryanus_4	srr1562204_4	2.134E-06	141	6.751E-01	5.707E-01	6.018E-01	0.500	60	0.882	0.891
migdolus_fryanus_4	srr1562205_1	2.961E-06	138	6.612E-01	5.613E-01	5.898E-01	0.500	60	0.882	0.891
migdolus_fryanus_4	phyllotocus_sp_3	2.930E-05	123	6.930E-01	5.979E-01	6.342E-01	0.343	67	0.971	0.905
migdolus_fryanus_4	orphnus_sp_1	1.159E-04	114	7.886E-01	5.156E-01	6.944E-01	0.404	42	0.618	0.875
migdolus_fryanus_4	allokotarsa_sp_3	3.305E-04	100	7.020E-01	5.678E-01	5.985E-01	0.305	59	0.868	0.844
migdolus_fryanus_4	serica_brunnea_1	2.090E-04	93	5.904E-01	5.031E-01	5.517E-01	0.272	66	0.971	0.934
migdolus_fryanus_4	gkjd00000000_3	4.022E-04	92	6.975E-01	4.447E-01	4.886E-01	0.288	45	0.662	0.672
gjvo00000000_1	gjvo00000000_1	2.634E-13	487	1.016E+00	1.000E+00	1.000E+00	1.000	65	1.000	1.000
gjvo00000000_1	psylliodes_chrysocephalus_2	2.634E-13	487	1.016E+00	1.000E+00	1.000E+00	1.000	65	1.000	1.000
ghxo00000000_6	ghxo00000000_6	4.487E-09	310	1.026E+00	1.000E+00	1.000E+00	1.000	40	1.000	1.000
ghxo00000000_6	gdmj00000000_1	1.414E-05	169	8.860E-01	8.654E-01	8.654E-01	0.750	40	1.000	1.000
ghxo00000000_6	hydroscapha_redfordi_1	1.414E-05	169	8.860E-01	8.654E-01	8.654E-01	0.750	40	1.000	1.000
gkjh00000000_2	gkjh00000000_2	8.795E-12	480	1.017E+00	1.000E+00	1.000E+00	1.000	59	1.000	1.000
gkjj00000000_1	gkjj00000000_1	6.455E-06	205	1.037E+00	1.000E+00	1.000E+00	1.000	28	1.000	1.000
microcara_testacea_1	microcara_testacea_1	1.311E-11	422	1.019E+00	1.000E+00	1.000E+00	1.000	53	1.000	1.000
srr1562204_4	migdolus_fryanus_1	6.374E-15	526	1.016E+00	1.000E+00	1.000E+00	1.000	64	1.000	1.000
srr1562204_4	srr1562204_4	6.374E-15	526	1.016E+00	1.000E+00	1.000E+00	1.000	64	1.000	1.000
srr1562204_4	srr1562205_1	9.049E-11	225	5.544E-01	5.476E-01	5.476E-01	1.000	64	1.000	1.000
srr1562204_4	srr1562205_4	1.285E-06	155	6.577E-01	5.954E-01	5.647E-01	0.508	61	0.906	0.897
srr1562204_4	migdolus_fryanus_4	2.202E-06	151	6.751E-01	6.018E-01	5.707E-01	0.500	60	0.891	0.882
srr1562204_4	phyllotocus_sp_3	8.932E-05	110	6.519E-01	5.590E-01	5.664E-01	0.357	56	0.875	0.857
srr1562204_4	srr1562204_2	4.202E-04	105	7.638E-01	5.298E-01	5.026E-01	0.595	42	0.656	0.618
srr1562204_4	allokotarsa_sp_3	3.210E-04	104	6.892E-01	5.751E-01	5.751E-01	0.326	52	0.812	0.812
srr1562204_4	orphnus_sp_1	2.452E-04	103	6.963E-01	5.329E-01	6.736E-01	0.333	51	0.797	0.979
srr1562204_4	lepiserica_sp_4	2.452E-04	98	6.353E-01	5.469E-01	5.469E-01	0.357	56	0.875	0.844
brassicogethes_aeneus_2	brassicogethes_aeneus_2	3.490E-07	233	1.031E+00	1.000E+00	1.000E+00	1.000	33	1.000	1.000
brassicogethes_aeneus_2	ceutorhynchus_napi_3	3.490E-07	233	1.031E+00	1.000E+00	1.000E+00	1.000	33	1.000	1.000
brassicogethes_aeneus_2	gjvn00000000_1	1.164E-06	185	8.516E-01	8.329E-01	8.329E-01	0.969	33	1.000	1.000
brassicogethes_aeneus_2	psylliodes_chrysocephalus_1	3.097E-06	182	9.295E-01	9.059E-01	9.059E-01	1.000	33	1.000	1.000
aphodius_haemorrhoidalis_1	aphodius_haemorrhoidalis_1	2.093E-13	484	1.016E+00	1.000E+00	1.000E+00	1.000	64	1.000	1.000
aphodius_haemorrhoidalis_1	copris_lunaris_3	1.851E-04	54	2.338E-01	2.208E-01	2.315E-01	0.816	60	0.938	1.000
gkke00000000_1	gkke00000000_1	1.402E-10	400	1.021E+00	1.000E+00	1.000E+00	1.000	49	1.000	1.000
gkke00000000_1	diphucephala_sp_2	1.696E-10	397	1.021E+00	1.000E+00	1.000E+00	1.000	49	1.000	1.000
gkke00000000_1	gkke00000000_2	1.696E-10	397	1.021E+00	1.000E+00	1.000E+00	1.000	49	1.000	1.000
gkke00000000_1	diphucephala_sp_3	2.562E-08	273	8.707E-01	8.550E-01	8.550E-01	0.979	49	1.000	1.000
serica_brunnea_1	serica_brunnea_1	4.405E-14	513	1.017E+00	1.000E+00	1.000E+00	1.000	61	1.000	1.000
serica_brunnea_1	gkjd00000000_3	1.595E-12	454	1.011E+00	9.942E-01	9.942E-01	1.000	61	1.000	1.000
serica_brunnea_1	lepiserica_sp_5	2.015E-07	156	6.473E-01	5.243E-01	6.365E-01	0.877	49	0.803	1.000
serica_brunnea_1	lepiserica_sp_4	9.473E-06	123	5.816E-01	5.734E-01	5.501E-01	0.524	61	1.000	0.953
serica_brunnea_1	phyllotocus_sp_3	5.517E-05	119	6.565E-01	6.029E-01	5.870E-01	0.428	56	0.918	0.889
serica_brunnea_1	allokotarsa_sp_3	6.836E-06	116	5.747E-01	5.663E-01	5.423E-01	0.475	61	1.000	0.953
serica_brunnea_1	srr1562204_2	1.673E-04	110	6.929E-01	6.494E-01	5.968E-01	0.257	66	0.934	0.971
serica_brunnea_1	srr1562205_4	3.661E-04	96	6.376E-01	5.939E-01	5.456E-01	0.223	67	0.934	0.971
serica_brunnea_1	orphnus_sp_1	1.906E-04	94	6.492E-01	4.829E-01	5.914E-01	0.454	44	0.721	0.917
serica_brunnea_1	migdolus_fryanus_4	1.906E-04	92	5.904E-01	5.517E-01	5.031E-01	0.272	66	0.934	0.971
serica_brunnea_1	gkjd00000000_2	5.416E-04	86	6.061E-01	5.179E-01	4.963E-01	0.538	52	0.852	0.812
serica_brunnea_1	allokotarsa_sp_2	5.782E-04	78	5.725E-01	5.642E-01	5.125E-01	0.384	65	1.000	0.956
catharsius_molossus_2	catharsius_molossus_2	1.156E-13	530	1.017E+00	1.000E+00	1.000E+00	1.000	61	1.000	1.000
catharsius_molossus_2	gjbk00000000_2	1.156E-13	530	1.017E+00	1.000E+00	1.000E+00	1.000	61	1.000	1.000
catharsius_molossus_2	dichotomius_satanas_2	6.716E-07	159	4.988E-01	4.691E-01	4.910E-01	0.586	58	0.951	1.000
catharsius_molossus_2	catharsius_molossus_1	8.529E-05	138	7.864E-01	4.720E-01	6.585E-01	0.742	35	0.574	0.833
catharsius_molossus_2	gjbk00000000_1	8.529E-05	138	7.864E-01	4.720E-01	6.585E-01	0.742	35	0.574	0.833
catharsius_molossus_2	ghma00000000_1	4.494E-06	138	5.224E-01	4.929E-01	5.147E-01	0.603	58	0.951	1.000
phyllotocus_sp_3	phyllotocus_sp_3	6.986E-15	535	1.016E+00	1.000E+00	1.000E+00	1.000	63	1.000	1.000
phyllotocus_sp_3	lepiserica_sp_4	2.750E-08	206	6.710E-01	6.521E-01	6.431E-01	0.580	62	0.984	0.969
phyllotocus_sp_3	allokotarsa_sp_3	4.664E-08	187	6.374E-01	6.283E-01	6.195E-01	0.587	63	1.000	0.984
phyllotocus_sp_3	orphnus_sp_1	2.987E-06	161	7.761E-01	6.032E-01	7.624E-01	0.604	48	0.762	1.000
phyllotocus_sp_3	gkjd00000000_2	5.066E-06	147	7.124E-01	5.799E-01	5.717E-01	0.686	51	0.810	0.797
phyllotocus_sp_3	srr1562205_4	4.191E-05	124	6.931E-01	6.343E-01	5.980E-01	0.343	67	0.905	0.971
phyllotocus_sp_3	migdolus_fryanus_4	4.477E-05	123	6.930E-01	6.342E-01	5.979E-01	0.343	67	0.905	0.971
phyllotocus_sp_3	srr1562205_1	4.191E-05	121	7.019E-01	6.133E-01	6.049E-01	0.333	57	0.873	0.891
phyllotocus_sp_3	serica_brunnea_1	7.107E-05	120	6.565E-01	5.870E-01	6.029E-01	0.428	56	0.889	0.918
phyllotocus_sp_3	gkjd00000000_3	1.128E-04	115	6.543E-01	5.842E-01	6.003E-01	0.428	56	0.889	0.918
phyllotocus_sp_3	lepiserica_sp_5	1.913E-04	109	7.327E-01	5.852E-01	7.207E-01	0.408	49	0.778	1.000
phyllotocus_sp_3	migdolus_fryanus_1	1.205E-04	99	6.262E-01	5.513E-01	5.441E-01	0.339	56	0.873	0.859
phyllotocus_sp_3	srr1562204_4	1.205E-04	99	6.262E-01	5.513E-01	5.441E-01	0.339	56	0.873	0.859
srr19974962_1	sitophilus_zeamais_2	1.017E-07	257	1.029E+00	1.000E+00	1.000E+00	1.000	36	1.000	1.000
srr19974962_1	srr19974962_1	1.017E-07	257	1.029E+00	1.000E+00	1.000E+00	1.000	36	1.000	1.000
srr19974962_1	gdmq00000000_1	1.094E-07	255	1.017E+00	9.896E-01	9.896E-01	0.972	36	1.000	1.000
scitalia_sp_1	scitalia_sp_1	5.936E-09	265	1.024E+00	1.000E+00	1.000E+00	1.000	43	1.000	1.000
maechidius_sp_1	maechidius_sp_1	2.584E-07	215	1.034E+00	1.000E+00	1.000E+00	1.000	30	1.000	1.000
gjvn00000000_1	gjvn00000000_1	1.032E-06	228	1.031E+00	1.000E+00	1.000E+00	1.000	33	1.000	1.000
gjvn00000000_1	psylliodes_chrysocephalus_1	6.736E-06	190	9.463E-01	9.213E-01	9.213E-01	0.969	33	1.000	1.000
gjvn00000000_1	brassicogethes_aeneus_2	3.518E-06	180	8.516E-01	8.329E-01	8.329E-01	0.969	33	1.000	1.000
gjvn00000000_1	ceutorhynchus_napi_3	3.518E-06	180	8.516E-01	8.329E-01	8.329E-01	0.969	33	1.000	1.000
ocypus_brunnipes_1	gkjr00000000_1	1.965E-09	340	1.026E+00	1.000E+00	1.000E+00	1.000	40	1.000	1.000
ocypus_brunnipes_1	ocypus_brunnipes_1	1.965E-09	340	1.026E+00	1.000E+00	1.000E+00	1.000	40	1.000	1.000
ocypus_brunnipes_1	srr2083703_1	1.965E-09	340	1.026E+00	1.000E+00	1.000E+00	1.000	40	1.000	1.000
gbcx00000000_1	gbcx00000000_1	9.538E-12	427	1.019E+00	1.000E+00	1.000E+00	1.000	55	1.000	1.000
gkjr00000000_1	gkjr00000000_1	1.965E-09	340	1.026E+00	1.000E+00	1.000E+00	1.000	40	1.000	1.000
gkjr00000000_1	ocypus_brunnipes_1	1.965E-09	340	1.026E+00	1.000E+00	1.000E+00	1.000	40	1.000	1.000
gkjr00000000_1	srr2083703_1	1.965E-09	340	1.026E+00	1.000E+00	1.000E+00	1.000	40	1.000	1.000
byturus_ochraceus_1	byturus_ochraceus_1	2.456E-10	379	1.023E+00	1.000E+00	1.000E+00	1.000	45	1.000	1.000
byturus_ochraceus_1	gdlg00000000_1	1.443E-09	322	9.218E-01	9.023E-01	9.023E-01	1.000	45	1.000	1.000
gjbk00000000_2	catharsius_molossus_2	1.156E-13	530	1.017E+00	1.000E+00	1.000E+00	1.000	61	1.000	1.000
gjbk00000000_2	gjbk00000000_2	1.156E-13	530	1.017E+00	1.000E+00	1.000E+00	1.000	61	1.000	1.000
gjbk00000000_2	dichotomius_satanas_2	6.716E-07	159	4.988E-01	4.691E-01	4.910E-01	0.586	58	0.951	1.000
gjbk00000000_2	catharsius_molossus_1	8.529E-05	138	7.866E-01	4.720E-01	6.586E-01	0.742	35	0.574	0.833
gjbk00000000_2	gjbk00000000_1	8.529E-05	138	7.866E-01	4.720E-01	6.586E-01	0.742	35	0.574	0.833
gjbk00000000_2	ghma00000000_1	4.494E-06	138	5.224E-01	4.929E-01	5.147E-01	0.603	58	0.951	1.000
gkjd00000000_2	gkjd00000000_2	2.195E-13	562	1.016E+00	1.000E+00	1.000E+00	1.000	64	1.000	1.000
gkjd00000000_2	lepiserica_sp_4	2.777E-07	233	7.646E-01	7.001E-01	7.001E-01	0.932	59	0.922	0.922
gkjd00000000_2	allokotarsa_sp_3	2.678E-06	161	6.462E-01	5.809E-01	5.809E-01	0.844	58	0.906	0.906
gkjd00000000_2	phyllotocus_sp_3	4.301E-05	151	7.254E-01	5.694E-01	5.776E-01	0.680	50	0.781	0.794
gkjd00000000_2	orphnus_sp_1	1.065E-04	147	7.872E-01	5.932E-01	7.597E-01	0.595	47	0.734	0.979
gkjd00000000_2	srr1562205_1	7.308E-04	111	7.220E-01	5.616E-01	5.616E-01	0.372	51	0.766	0.797
ceutorhynchus_napi_1	ceutorhynchus_napi_1	1.497E-07	273	1.031E+00	1.000E+00	1.000E+00	1.000	33	1.000	1.000
gaco00000000_1	gaco00000000_1	6.703E-12	477	1.015E+00	1.000E+00	1.000E+00	1.000	67	1.000	1.000
copris_lunaris_3	copris_lunaris_3	2.268E-12	504	1.017E+00	1.000E+00	1.000E+00	1.000	59	1.000	1.000
copris_lunaris_3	aphodius_haemorrhoidalis_1	3.716E-04	57	2.338E-01	2.315E-01	2.208E-01	0.816	60	1.000	0.938
alurnus_ornatus_3	alurnus_ornatus_3	6.875E-14	476	1.017E+00	1.000E+00	1.000E+00	1.000	61	1.000	1.000
alurnus_ornatus_3	gdof00000000_2	6.875E-14	476	1.017E+00	1.000E+00	1.000E+00	1.000	61	1.000	1.000
alurnus_ornatus_3	anomala_sp_2	1.035E-04	99	5.583E-01	5.279E-01	5.427E-01	0.593	59	0.967	0.983
ceutorhynchus_napi_3	brassicogethes_aeneus_2	3.490E-07	233	1.031E+00	1.000E+00	1.000E+00	1.000	33	1.000	1.000
ceutorhynchus_napi_3	ceutorhynchus_napi_3	3.490E-07	233	1.031E+00	1.000E+00	1.000E+00	1.000	33	1.000	1.000
ceutorhynchus_napi_3	gjvn00000000_1	1.164E-06	185	8.516E-01	8.329E-01	8.329E-01	0.969	33	1.000	1.000
ceutorhynchus_napi_3	psylliodes_chrysocephalus_1	3.097E-06	182	9.295E-01	9.059E-01	9.059E-01	1.000	33	1.000	1.000
catharsius_molossus_1	catharsius_molossus_1	2.648E-09	347	1.024E+00	1.000E+00	1.000E+00	1.000	42	1.000	1.000
catharsius_molossus_1	gjbk00000000_1	2.648E-09	347	1.024E+00	1.000E+00	1.000E+00	1.000	42	1.000	1.000
catharsius_molossus_1	catharsius_molossus_2	6.465E-05	141	7.864E-01	6.585E-01	4.720E-01	0.742	35	0.833	0.574
catharsius_molossus_1	gjbk00000000_2	6.465E-05	141	7.866E-01	6.586E-01	4.720E-01	0.742	35	0.833	0.574
catharsius_molossus_1	dichotomius_satanas_2	4.512E-04	124	8.810E-01	6.441E-01	4.789E-01	0.733	30	0.714	0.517
catharsius_molossus_1	ghma00000000_1	6.238E-04	122	8.931E-01	6.536E-01	4.859E-01	0.700	30	0.714	0.517
migdolus_fryanus_1	migdolus_fryanus_1	6.374E-15	526	1.016E+00	1.000E+00	1.000E+00	1.000	64	1.000	1.000
migdolus_fryanus_1	srr1562204_4	6.374E-15	526	1.016E+00	1.000E+00	1.000E+00	1.000	64	1.000	1.000
migdolus_fryanus_1	srr1562205_1	9.049E-11	225	5.544E-01	5.476E-01	5.476E-01	1.000	64	1.000	1.000
migdolus_fryanus_1	srr1562205_4	1.285E-06	155	6.577E-01	5.954E-01	5.647E-01	0.508	61	0.906	0.897
migdolus_fryanus_1	migdolus_fryanus_4	2.202E-06	151	6.751E-01	6.018E-01	5.707E-01	0.500	60	0.891	0.882
migdolus_fryanus_1	phyllotocus_sp_3	8.932E-05	110	6.519E-01	5.590E-01	5.664E-01	0.357	56	0.875	0.857
migdolus_fryanus_1	srr1562204_2	4.202E-04	105	7.638E-01	5.298E-01	5.026E-01	0.595	42	0.656	0.618
migdolus_fryanus_1	allokotarsa_sp_3	3.210E-04	104	6.892E-01	5.751E-01	5.751E-01	0.326	52	0.812	0.812
migdolus_fryanus_1	orphnus_sp_1	2.452E-04	103	6.963E-01	5.329E-01	6.736E-01	0.333	51	0.797	0.979
migdolus_fryanus_1	lepiserica_sp_4	2.452E-04	98	6.353E-01	5.469E-01	5.469E-01	0.357	56	0.875	0.844
psylliodes_chrysocephalus_1	psylliodes_chrysocephalus_1	1.591E-06	219	1.031E+00	1.000E+00	1.000E+00	1.000	33	1.000	1.000
psylliodes_chrysocephalus_1	gjvn00000000_1	4.767E-06	192	9.463E-01	9.213E-01	9.213E-01	0.969	33	1.000	1.000
psylliodes_chrysocephalus_1	brassicogethes_aeneus_2	6.388E-06	178	9.295E-01	9.059E-01	9.059E-01	1.000	33	1.000	1.000
psylliodes_chrysocephalus_1	ceutorhynchus_napi_3	6.388E-06	178	9.295E-01	9.059E-01	9.059E-01	1.000	33	1.000	1.000
gkjd00000000_3	gkjd00000000_3	3.916E-13	493	1.017E+00	1.000E+00	1.000E+00	1.000	61	1.000	1.000
gkjd00000000_3	serica_brunnea_1	3.610E-12	454	1.011E+00	9.942E-01	9.942E-01	1.000	61	1.000	1.000
gkjd00000000_3	lepiserica_sp_5	6.225E-07	150	6.448E-01	5.231E-01	6.332E-01	0.877	49	0.803	1.000
gkjd00000000_3	phyllotocus_sp_3	1.207E-04	114	6.543E-01	6.003E-01	5.842E-01	0.428	56	0.918	0.889
gkjd00000000_3	lepiserica_sp_4	4.964E-05	112	5.790E-01	5.707E-01	5.479E-01	0.524	61	1.000	0.953
gkjd00000000_3	allokotarsa_sp_3	6.005E-05	100	5.680E-01	5.596E-01	5.361E-01	0.475	61	1.000	0.953
gkjd00000000_3	srr1562204_2	1.460E-04	94	5.737E-01	5.165E-01	4.701E-01	0.250	64	0.984	0.809
gkjd00000000_3	migdolus_fryanus_4	4.876E-04	93	6.975E-01	4.886E-01	4.447E-01	0.288	45	0.672	0.662
gkjd00000000_3	srr1562205_4	5.195E-04	93	7.015E-01	4.913E-01	4.471E-01	0.288	45	0.672	0.662
gkjd00000000_3	gkjd00000000_2	7.603E-04	89	6.681E-01	5.025E-01	4.813E-01	0.553	47	0.770	0.703
gkjd00000000_3	orphnus_sp_1	9.197E-04	84	6.503E-01	4.825E-01	5.930E-01	0.454	44	0.721	0.917
gdlg00000000_1	gdlg00000000_1	7.730E-11	388	1.023E+00	1.000E+00	1.000E+00	1.000	45	1.000	1.000
gdlg00000000_1	byturus_ochraceus_1	8.077E-10	320	9.218E-01	9.023E-01	9.023E-01	1.000	45	1.000	1.000
allokotarsa_sp_2	allokotarsa_sp_2	2.895E-15	573	1.015E+00	1.000E+00	1.000E+00	1.000	68	1.000	1.000
allokotarsa_sp_2	serica_brunnea_1	9.602E-04	91	6.990E-01	4.852E-01	5.348E-01	0.391	46	0.676	0.754
lepiserica_sp_4	lepiserica_sp_4	3.725E-15	552	1.016E+00	1.000E+00	1.000E+00	1.000	64	1.000	1.000
lepiserica_sp_4	gkjd00000000_2	1.116E-08	240	7.646E-01	7.001E-01	7.001E-01	0.932	59	0.922	0.922
lepiserica_sp_4	allokotarsa_sp_3	3.035E-09	230	6.878E-01	6.777E-01	6.777E-01	0.843	64	1.000	1.000
lepiserica_sp_4	phyllotocus_sp_3	2.603E-08	211	6.710E-01	6.431E-01	6.521E-01	0.580	62	0.969	0.984
lepiserica_sp_4	orphnus_sp_1	1.111E-05	151	7.748E-01	5.923E-01	7.611E-01	0.583	48	0.750	1.000
lepiserica_sp_4	srr1562205_1	9.140E-06	141	7.179E-01	6.203E-01	6.203E-01	0.350	57	0.859	0.891
lepiserica_sp_4	serica_brunnea_1	1.266E-05	128	5.816E-01	5.501E-01	5.734E-01	0.524	61	0.953	1.000
lepiserica_sp_4	lepiserica_sp_5	8.367E-05	123	7.441E-01	5.642E-01	7.172E-01	0.562	48	0.750	0.980
lepiserica_sp_4	gkjd00000000_3	4.656E-05	115	5.790E-01	5.479E-01	5.707E-01	0.524	61	0.953	1.000
lepiserica_sp_4	migdolus_fryanus_1	3.285E-04	96	6.353E-01	5.469E-01	5.469E-01	0.357	56	0.844	0.875
lepiserica_sp_4	srr1562204_4	3.285E-04	96	6.353E-01	5.469E-01	5.469E-01	0.357	56	0.844	0.875
aphodius_scrutator_2	aphodius_scrutator_2	4.543E-08	289	1.029E+00	1.000E+00	1.000E+00	1.000	35	1.000	1.000
dichotomius_satanas_2	dichotomius_satanas_2	1.335E-13	517	1.018E+00	1.000E+00	1.000E+00	1.000	58	1.000	1.000
dichotomius_satanas_2	ghma00000000_1	1.519E-08	171	5.044E-01	4.964E-01	4.964E-01	0.965	58	1.000	1.000
dichotomius_satanas_2	catharsius_molossus_2	4.750E-07	147	4.988E-01	4.910E-01	4.691E-01	0.586	58	1.000	0.951
dichotomius_satanas_2	gjbk00000000_2	4.750E-07	147	4.988E-01	4.910E-01	4.691E-01	0.586	58	1.000	0.951
dichotomius_satanas_2	catharsius_molossus_1	4.361E-04	97	7.086E-01	4.839E-01	6.490E-01	0.600	40	0.690	0.929
dichotomius_satanas_2	gjbk00000000_1	4.361E-04	97	7.086E-01	4.839E-01	6.490E-01	0.600	40	0.690	0.929
allokotarsa_sp_3	allokotarsa_sp_3	1.963E-14	506	1.016E+00	1.000E+00	1.000E+00	1.000	64	1.000	1.000
allokotarsa_sp_3	lepiserica_sp_4	3.107E-09	235	6.878E-01	6.777E-01	6.777E-01	0.843	64	1.000	1.000
allokotarsa_sp_3	phyllotocus_sp_3	4.650E-08	195	6.374E-01	6.195E-01	6.283E-01	0.587	63	0.984	1.000
allokotarsa_sp_3	gkjd00000000_2	1.799E-07	169	6.462E-01	5.809E-01	5.809E-01	0.844	58	0.906	0.906
allokotarsa_sp_3	orphnus_sp_1	7.943E-06	151	7.513E-01	5.791E-01	7.384E-01	0.562	48	0.750	1.000
allokotarsa_sp_3	lepiserica_sp_5	3.073E-05	136	7.379E-01	5.616E-01	7.117E-01	0.520	48	0.750	0.980
allokotarsa_sp_3	serica_brunnea_1	9.730E-06	124	5.747E-01	5.423E-01	5.663E-01	0.475	61	0.953	1.000
allokotarsa_sp_3	migdolus_fryanus_4	2.864E-04	122	8.157E-01	5.978E-01	5.674E-01	0.311	45	0.703	0.662
allokotarsa_sp_3	srr1562205_1	1.189E-04	121	7.216E-01	6.391E-01	6.391E-01	0.310	58	0.875	0.906
allokotarsa_sp_3	srr1562205_4	3.508E-04	120	8.118E-01	5.949E-01	5.645E-01	0.311	45	0.703	0.662
allokotarsa_sp_3	gkjd00000000_3	5.648E-05	116	6.240E-01	5.361E-01	5.596E-01	0.490	55	0.859	0.902
allokotarsa_sp_3	migdolus_fryanus_1	3.508E-04	106	6.892E-01	5.751E-01	5.751E-01	0.326	52	0.812	0.812
allokotarsa_sp_3	srr1562204_4	3.508E-04	106	6.892E-01	5.751E-01	5.751E-01	0.326	52	0.812	0.812
allokotarsa_sp_3	srr1562204_2	7.382E-04	95	6.681E-01	5.687E-01	5.396E-01	0.271	59	0.844	0.868
eophileurus_sp_2	eophileurus_sp_2	7.557E-09	263	1.031E+00	1.000E+00	1.000E+00	1.000	33	1.000	1.000
cucujus_clavipes_1	cucujus_clavipes_1	3.198E-06	209	1.031E+00	1.000E+00	1.000E+00	1.000	33	1.000	1.000
cucujus_clavipes_1	gdnw00000000_1	3.198E-06	209	1.031E+00	1.000E+00	1.000E+00	1.000	33	1.000	1.000
srr2083703_1	gkjr00000000_1	1.965E-09	340	1.026E+00	1.000E+00	1.000E+00	1.000	40	1.000	1.000
srr2083703_1	ocypus_brunnipes_1	1.965E-09	340	1.026E+00	1.000E+00	1.000E+00	1.000	40	1.000	1.000
srr2083703_1	srr2083703_1	1.965E-09	340	1.026E+00	1.000E+00	1.000E+00	1.000	40	1.000	1.000
hbua00000000_1	hbua00000000_1	7.902E-07	240	1.030E+00	1.000E+00	1.000E+00	1.000	34	1.000	1.000
gdmj00000000_1	gdmj00000000_1	8.219E-09	309	1.026E+00	1.000E+00	1.000E+00	1.000	40	1.000	1.000
gdmj00000000_1	hydroscapha_redfordi_1	8.219E-09	309	1.026E+00	1.000E+00	1.000E+00	1.000	40	1.000	1.000
gdmj00000000_1	ghxo00000000_6	1.219E-05	177	8.860E-01	8.654E-01	8.654E-01	0.750	40	1.000	1.000
srr1562205_1	srr1562205_1	8.200E-14	527	1.016E+00	1.000E+00	1.000E+00	1.000	64	1.000	1.000
srr1562205_1	migdolus_fryanus_1	7.341E-10	228	5.544E-01	5.476E-01	5.476E-01	1.000	64	1.000	1.000
srr1562205_1	srr1562204_4	7.341E-10	228	5.544E-01	5.476E-01	5.476E-01	1.000	64	1.000	1.000
srr1562205_1	migdolus_fryanus_4	1.152E-05	148	6.612E-01	5.898E-01	5.613E-01	0.500	60	0.891	0.882
srr1562205_1	srr1562205_4	8.974E-06	148	6.450E-01	5.857E-01	5.564E-01	0.508	61	0.906	0.897
srr1562205_1	lepiserica_sp_4	3.322E-05	140	7.179E-01	6.203E-01	6.203E-01	0.350	57	0.891	0.859
srr1562205_1	orphnus_sp_1	5.139E-05	139	7.775E-01	5.907E-01	7.512E-01	0.333	51	0.797	0.979
srr1562205_1	phyllotocus_sp_3	8.462E-05	129	7.019E-01	6.049E-01	6.133E-01	0.333	57	0.891	0.873
srr1562205_1	allokotarsa_sp_3	2.943E-04	120	7.216E-01	6.391E-01	6.391E-01	0.310	58	0.906	0.875
srr1562205_1	srr1562204_2	4.553E-04	119	7.785E-01	5.330E-01	5.054E-01	0.595	42	0.656	0.618
srr1562205_1	gkjd00000000_2	3.132E-04	113	7.220E-01	5.616E-01	5.616E-01	0.372	51	0.797	0.766
srr1562205_1	lepiserica_sp_5	7.496E-04	109	7.488E-01	5.655E-01	7.105E-01	0.340	47	0.734	0.959
lepiserica_sp_5	lepiserica_sp_5	4.909E-11	417	1.021E+00	1.000E+00	1.000E+00	1.000	49	1.000	1.000
lepiserica_sp_5	serica_brunnea_1	3.318E-07	183	6.473E-01	6.365E-01	5.243E-01	0.877	49	1.000	0.803
lepiserica_sp_5	gkjd00000000_3	6.257E-07	175	6.448E-01	6.332E-01	5.231E-01	0.877	49	1.000	0.803
lepiserica_sp_5	orphnus_sp_1	5.658E-05	145	7.482E-01	7.225E-01	7.351E-01	0.437	48	0.980	1.000
lepiserica_sp_5	allokotarsa_sp_3	8.821E-05	139	7.379E-01	7.117E-01	5.616E-01	0.520	48	0.980	0.750
lepiserica_sp_5	lepiserica_sp_4	1.664E-04	131	7.441E-01	7.172E-01	5.642E-01	0.562	48	0.980	0.750
lepiserica_sp_5	phyllotocus_sp_3	2.434E-04	124	7.327E-01	7.207E-01	5.852E-01	0.408	49	1.000	0.778
lepiserica_sp_5	srr1562205_1	5.212E-04	117	7.488E-01	7.105E-01	5.655E-01	0.340	47	0.959	0.734
ghmd00000000_4	ghmd00000000_4	7.590E-06	211	1.032E+00	1.000E+00	1.000E+00	1.000	32	1.000	1.000
ghma00000000_1	ghma00000000_1	7.110E-13	521	1.018E+00	1.000E+00	1.000E+00	1.000	58	1.000	1.000
ghma00000000_1	dichotomius_satanas_2	7.745E-08	160	5.044E-01	4.964E-01	4.964E-01	0.965	58	1.000	1.000
ghma00000000_1	catharsius_molossus_2	1.155E-05	120	5.224E-01	5.147E-01	4.929E-01	0.603	58	1.000	0.951
ghma00000000_1	gjbk00000000_2	1.155E-05	120	5.224E-01	5.147E-01	4.929E-01	0.603	58	1.000	0.951
gdof00000000_2	alurnus_ornatus_3	6.875E-14	476	1.017E+00	1.000E+00	1.000E+00	1.000	61	1.000	1.000
gdof00000000_2	gdof00000000_2	6.875E-14	476	1.017E+00	1.000E+00	1.000E+00	1.000	61	1.000	1.000
gdof00000000_2	anomala_sp_2	1.035E-04	99	5.583E-01	5.279E-01	5.427E-01	0.593	59	0.967	0.983
euwallacea_fornicatus_1	euwallacea_fornicatus_1	8.931E-07	218	1.033E+00	1.000E+00	1.000E+00	1.000	31	1.000	1.000
gjbk00000000_1	catharsius_molossus_1	2.648E-09	347	1.024E+00	1.000E+00	1.000E+00	1.000	42	1.000	1.000
gjbk00000000_1	gjbk00000000_1	2.648E-09	347	1.024E+00	1.000E+00	1.000E+00	1.000	42	1.000	1.000
gjbk00000000_1	catharsius_molossus_2	6.465E-05	141	7.864E-01	6.585E-01	4.720E-01	0.742	35	0.833	0.574
gjbk00000000_1	gjbk00000000_2	6.465E-05	141	7.866E-01	6.586E-01	4.720E-01	0.742	35	0.833	0.574
gjbk00000000_1	dichotomius_satanas_2	4.512E-04	124	8.810E-01	6.441E-01	4.789E-01	0.733	30	0.714	0.517
gjbk00000000_1	ghma00000000_1	6.238E-04	122	8.931E-01	6.536E-01	4.859E-01	0.700	30	0.714	0.517
gdnw00000000_1	cucujus_clavipes_1	3.198E-06	209	1.031E+00	1.000E+00	1.000E+00	1.000	33	1.000	1.000
gdnw00000000_1	gdnw00000000_1	3.198E-06	209	1.031E+00	1.000E+00	1.000E+00	1.000	33	1.000	1.000
gkke00000000_2	diphucephala_sp_2	1.352E-10	400	1.021E+00	1.000E+00	1.000E+00	1.000	49	1.000	1.000
gkke00000000_2	gkke00000000_2	1.352E-10	400	1.021E+00	1.000E+00	1.000E+00	1.000	49	1.000	1.000
gkke00000000_2	gkke00000000_1	1.743E-10	396	1.021E+00	1.000E+00	1.000E+00	1.000	49	1.000	1.000
gkke00000000_2	diphucephala_sp_3	2.653E-08	272	8.711E-01	8.555E-01	8.555E-01	0.979	49	1.000	1.000
euoniticellus_fulvus_1	euoniticellus_fulvus_1	1.320E-07	256	1.032E+00	1.000E+00	1.000E+00	1.000	32	1.000	1.000
ghma00000000_3	ghma00000000_3	4.902E-10	320	1.019E+00	1.000E+00	1.000E+00	1.000	53	1.000	1.000
hydroscapha_redfordi_1	gdmj00000000_1	8.219E-09	309	1.026E+00	1.000E+00	1.000E+00	1.000	40	1.000	1.000
hydroscapha_redfordi_1	hydroscapha_redfordi_1	8.219E-09	309	1.026E+00	1.000E+00	1.000E+00	1.000	40	1.000	1.000
hydroscapha_redfordi_1	ghxo00000000_6	1.219E-05	177	8.860E-01	8.654E-01	8.654E-01	0.750	40	1.000	1.000
heteronyx_sp_3	heteronyx_sp_3	2.313E-13	423	1.017E+00	1.000E+00	1.000E+00	1.000	60	1.000	1.000
anomala_sp_2	anomala_sp_2	1.533E-12	479	1.017E+00	1.000E+00	1.000E+00	1.000	59	1.000	1.000
anomala_sp_2	alurnus_ornatus_3	2.539E-04	104	5.583E-01	5.427E-01	5.279E-01	0.593	59	0.983	0.967
anomala_sp_2	gdof00000000_2	2.539E-04	104	5.583E-01	5.427E-01	5.279E-01	0.593	59	0.983	0.967
