candidate_id	pdb_path	n_residues_structure	plddt_mean	plddt_std	plddt_frac_ge_70	plddt_frac_ge_80	plddt_frac_ge_90	n_ca	radius_gyration_ca	n_contact_pairs_ca8	contact_density_ca8	n_cys_sg	n_disulfide_pairs_sg2p5	disulfide_pairs_sg2p5	sasa_total_A2	dssp_n_res	sec_helix_frac	sec_sheet_frac	sec_coil_frac	warnings
allokotarsa_sp_2	/mnt/external/TC/alphafold3_revision/analysis_mature/01_models_pdb/allokotarsa_sp_2.pdb	68	76.49367697098675	10.569268490627723	0.6470588235294118	0.4264705882352941	0.10294117647058823	68	13.289024851349469	291	0.12774363476733977	6	3	A:8-A:21:1.76;A:37-A:58:2.05;A:45-A:62:1.80	5716.51	0				dssp_failed
allokotarsa_sp_3	/mnt/external/TC/alphafold3_revision/analysis_mature/01_models_pdb/allokotarsa_sp_3.pdb	64	71.61765629053116	18.04800010610999	0.578125	0.46875	0.171875	64	14.445826843178809	225	0.11160714285714286	6	3	A:10-A:43:2.02;A:19-A:43:2.07;A:35-A:56:1.99	6308.91	0				dssp_failed
alurnus_ornatus_3	/mnt/external/TC/alphafold3_revision/analysis_mature/01_models_pdb/alurnus_ornatus_3.pdb	61	55.306885328449184	6.331289547165924	0.0	0.0	0.0	61	15.026544576523214	223	0.12185792349726776	6	2	A:7-A:38:2.04;A:15-A:52:2.38	5818.89	0				dssp_failed
anomala_sp_2	/mnt/external/TC/alphafold3_revision/analysis_mature/01_models_pdb/anomala_sp_2.pdb	59	49.51033886408402	5.08821521458955	0.0	0.0	0.0	59	14.489163473646236	233	0.13617767387492694	6	4	A:2-A:36:2.10;A:6-A:36:2.27;A:14-A:29:2.24;A:14-A:50:2.29	5616.4	0				dssp_failed
aphodius_haemorrhoidalis_1	/mnt/external/TC/alphafold3_revision/analysis_mature/01_models_pdb/aphodius_haemorrhoidalis_1.pdb	64	55.11749988794327	9.914018746399087	0.078125	0.0	0.0	64	12.458614844055479	245	0.12152777777777778	6	3	A:6-A:41:1.89;A:10-A:34:2.01;A:18-A:55:2.02	5647.35	0				dssp_failed
aphodius_scrutator_2	/mnt/external/TC/alphafold3_revision/analysis_mature/01_models_pdb/aphodius_scrutator_2.pdb	35	89.86371438162668	5.062989184189324	1.0	0.9142857142857143	0.6	35	8.925926817937937	145	0.24369747899159663	6	3	A:6-A:14:1.85;A:10-A:34:1.70;A:16-A:28:1.86	3016.84	0				dssp_failed
bolboceras_sp_1	/mnt/external/TC/alphafold3_revision/analysis_mature/01_models_pdb/bolboceras_sp_1.pdb	11	97.6872725053267	0.9078259177360638	1.0	1.0	1.0	11	5.3475259530162	35	0.6363636363636364	1	0		1228.96	0				dssp_failed
brassicogethes_aeneus_2	/mnt/external/TC/alphafold3_revision/analysis_mature/01_models_pdb/brassicogethes_aeneus_2.pdb	33	93.03363661332564	2.1921395737053424	1.0	1.0	0.8484848484848485	33	8.640914018245239	136	0.25757575757575757	4	2	A:2-A:31:1.82;A:10-A:23:1.68	2936.71	0				dssp_failed
byturus_ochraceus_1	/mnt/external/TC/alphafold3_revision/analysis_mature/01_models_pdb/byturus_ochraceus_1.pdb	45	75.55399915907118	10.422735388363654	0.7333333333333333	0.4666666666666667	0.0	45	9.95761469811166	172	0.17373737373737375	6	3	A:6-A:14:1.89;A:10-A:35:2.02;A:16-A:29:2.05	3991.47	0				dssp_failed
catharsius_molossus_1	/mnt/external/TC/alphafold3_revision/analysis_mature/01_models_pdb/catharsius_molossus_1.pdb	42	87.16142890566871	6.598113020946926	1.0	0.7619047619047619	0.42857142857142855	42	10.66426277424467	175	0.2032520325203252	7	4	A:2-A:20:2.23;A:10-A:25:2.02;A:20-A:39:2.23;A:23-A:34:1.95	3603.3	0				dssp_failed
catharsius_molossus_2	/mnt/external/TC/alphafold3_revision/analysis_mature/01_models_pdb/catharsius_molossus_2.pdb	61	69.29508209228516	12.086326471555058	0.639344262295082	0.16393442622950818	0.0	61	12.528095605805246	250	0.1366120218579235	11	6	A:3-A:20:2.02;A:6-A:15:2.06;A:8-A:58:1.89;A:15-A:39:1.99;A:29-A:44:2.00;A:42-A:53:1.97	5228.18	0				dssp_failed
ceutorhynchus_napi_1	/mnt/external/TC/alphafold3_revision/analysis_mature/01_models_pdb/ceutorhynchus_napi_1.pdb	33	96.4469696969697	1.4856474322548268	1.0	1.0	1.0	33	8.965114569141482	141	0.26704545454545453	4	2	A:1-A:22:1.95;A:9-A:30:1.92	2979.5	0				dssp_failed
ceutorhynchus_napi_3	/mnt/external/TC/alphafold3_revision/analysis_mature/01_models_pdb/ceutorhynchus_napi_3.pdb	33	93.03363661332564	2.1921395737053424	1.0	1.0	0.8484848484848485	33	8.640914018245239	136	0.25757575757575757	4	2	A:2-A:31:1.82;A:10-A:23:1.68	2936.71	0				dssp_failed
copris_lunaris_3	/mnt/external/TC/alphafold3_revision/analysis_mature/01_models_pdb/copris_lunaris_3.pdb	59	56.861186269986426	3.297223237631684	0.0	0.0	0.0	59	13.375973888343568	252	0.1472822910578609	6	3	A:2-A:36:1.98;A:6-A:29:2.01;A:14-A:50:2.03	4808.54	0				dssp_failed
cucujus_clavipes_1	/mnt/external/TC/alphafold3_revision/analysis_mature/01_models_pdb/cucujus_clavipes_1.pdb	33	88.73636303525983	3.8656860045812946	1.0	0.9696969696969697	0.45454545454545453	33	9.042786649655325	126	0.23863636363636365	4	2	A:1-A:30:2.01;A:9-A:22:1.99	2882.35	0				dssp_failed
dichotomius_satanas_2	/mnt/external/TC/alphafold3_revision/analysis_mature/01_models_pdb/dichotomius_satanas_2.pdb	58	77.85827584102236	6.537350138145097	0.8620689655172413	0.39655172413793105	0.0	58	11.179653646290241	260	0.1572897761645493	11	5	A:3-A:20:1.70;A:6-A:15:2.06;A:8-A:58:1.80;A:29-A:44:1.90;A:42-A:53:1.85	4118.72	0				dssp_failed
dichotomius_satanas_4	/mnt/external/TC/alphafold3_revision/analysis_mature/01_models_pdb/dichotomius_satanas_4.pdb	29	89.05068943418306	6.9803624543658644	0.9310344827586207	0.896551724137931	0.6551724137931034	29	12.629088170153556	106	0.26108374384236455	1	0		3231.28	0				dssp_failed
diphucephala_sp_2	/mnt/external/TC/alphafold3_revision/analysis_mature/01_models_pdb/diphucephala_sp_2.pdb	49	89.13387765689772	5.796842691670886	0.9795918367346939	0.9387755102040817	0.5510204081632653	49	9.973427114788285	218	0.18537414965986396	9	4	A:2-A:28:2.02;A:6-A:30:1.98;A:10-A:20:1.98;A:24-A:42:1.98	3793.39	0				dssp_failed
diphucephala_sp_3	/mnt/external/TC/alphafold3_revision/analysis_mature/01_models_pdb/diphucephala_sp_3.pdb	49	90.52265361863739	5.378501153873274	0.9795918367346939	0.9387755102040817	0.7346938775510204	49	9.588486482907662	231	0.19642857142857142	9	4	A:2-A:28:1.93;A:6-A:30:1.98;A:10-A:20:1.84;A:24-A:42:1.96	3707.63	0				dssp_failed
elateroides_flabellicornis_3	/mnt/external/TC/alphafold3_revision/analysis_mature/01_models_pdb/elateroides_flabellicornis_3.pdb	25	95.26600036621093	3.0804155833295264	1.0	1.0	0.88	25	10.982154638721857	90	0.3	1	0		3091.1	0				dssp_failed
eophileurus_sp_2	/mnt/external/TC/alphafold3_revision/analysis_mature/01_models_pdb/eophileurus_sp_2.pdb	33	70.60151545206706	7.246681648598681	0.48484848484848486	0.030303030303030304	0.0	33	9.568343073858887	118	0.22348484848484848	6	2	A:6-A:14:1.96;A:10-A:27:1.85	3269.35	0				dssp_failed
euoniticellus_fulvus_1	/mnt/external/TC/alphafold3_revision/analysis_mature/01_models_pdb/euoniticellus_fulvus_1.pdb	32	89.37281250953674	5.336119523190056	1.0	0.9375	0.5625	32	7.50399033861006	153	0.3084677419354839	6	3	A:4-A:12:2.10;A:8-A:32:1.84;A:14-A:26:1.93	2522.69	0				dssp_failed
euwallacea_fornicatus_1	/mnt/external/TC/alphafold3_revision/analysis_mature/01_models_pdb/euwallacea_fornicatus_1.pdb	31	68.47193539527154	4.3353841705630725	0.3870967741935484	0.0	0.0	31	9.644736384642162	106	0.22795698924731184	4	2	A:1-A:27:2.03;A:9-A:23:1.85	3417.58	0				dssp_failed
gaco00000000_1	/mnt/external/TC/alphafold3_revision/analysis_mature/01_models_pdb/gaco00000000_1.pdb	67	50.742835770792034	8.653949041801429	0.0	0.0	0.0	67	15.33493625288842	240	0.10854816824966079	6	1	A:18-A:42:1.97	6510.03	0				dssp_failed
gbcx00000000_1	/mnt/external/TC/alphafold3_revision/analysis_mature/01_models_pdb/gbcx00000000_1.pdb	55	73.37418171275746	8.329094341757585	0.6545454545454545	0.2545454545454545	0.01818181818181818	55	14.486279067146253	218	0.1468013468013468	5	3	A:7-A:44:2.12;A:23-A:52:2.05;A:31-A:44:2.10	5475.13	0				dssp_failed
gdlg00000000_1	/mnt/external/TC/alphafold3_revision/analysis_mature/01_models_pdb/gdlg00000000_1.pdb	45	79.80422202216255	9.420085262983806	0.8222222222222222	0.6666666666666666	0.022222222222222223	45	9.624691421700904	184	0.18585858585858586	6	3	A:6-A:14:1.89;A:10-A:35:1.99;A:16-A:29:2.03	3942.35	0				dssp_failed
gdmj00000000_1	/mnt/external/TC/alphafold3_revision/analysis_mature/01_models_pdb/gdmj00000000_1.pdb	40	92.19674968719482	4.9183132717625	1.0	0.975	0.75	40	9.248279768556962	186	0.23846153846153847	6	3	A:3-A:30:1.85;A:16-A:36:1.95;A:20-A:38:2.03	3128.0	0				dssp_failed
gdmq00000000_1	/mnt/external/TC/alphafold3_revision/analysis_mature/01_models_pdb/gdmq00000000_1.pdb	36	72.60888852013483	3.9194319514768545	0.7777777777777778	0.0	0.0	36	15.835869644882854	126	0.2	4	2	A:2-A:31:2.11;A:10-A:23:2.18	3886.91	0				dssp_failed
gdnw00000000_1	/mnt/external/TC/alphafold3_revision/analysis_mature/01_models_pdb/gdnw00000000_1.pdb	33	88.73636303525983	3.8656860045812946	1.0	0.9696969696969697	0.45454545454545453	33	9.042786649655325	126	0.23863636363636365	4	2	A:1-A:30:2.01;A:9-A:22:1.99	2882.35	0				dssp_failed
gdof00000000_2	/mnt/external/TC/alphafold3_revision/analysis_mature/01_models_pdb/gdof00000000_2.pdb	61	55.306885328449184	6.331289547165924	0.0	0.0	0.0	61	15.026544576523214	223	0.12185792349726776	6	2	A:7-A:38:2.04;A:15-A:52:2.38	5818.89	0				dssp_failed
geotrupes_spiniger_2	/mnt/external/TC/alphafold3_revision/analysis_mature/01_models_pdb/geotrupes_spiniger_2.pdb	12	92.18583297729492	3.0421523613396766	1.0	1.0	0.75	12	6.115892468601782	30	0.45454545454545453	2	1	A:4-A:10:1.79	1358.9	0				dssp_failed
gfuh00000000_2	/mnt/external/TC/alphafold3_revision/analysis_mature/01_models_pdb/gfuh00000000_2.pdb	24	89.80999978383382	4.755930068776929	1.0	0.9166666666666666	0.6666666666666666	24	10.828718579529749	86	0.3115942028985507	1	0		2838.06	0				dssp_failed
ghma00000000_1	/mnt/external/TC/alphafold3_revision/analysis_mature/01_models_pdb/ghma00000000_1.pdb	58	80.35724120304502	7.298797734217391	0.8793103448275862	0.5172413793103449	0.017241379310344827	58	10.25813821810971	297	0.17967332123411978	11	6	A:3-A:20:2.26;A:6-A:15:2.01;A:8-A:29:2.03;A:20-A:39:2.34;A:39-A:58:2.06;A:42-A:53:1.82	3802.02	0				dssp_failed
ghma00000000_3	/mnt/external/TC/alphafold3_revision/analysis_mature/01_models_pdb/ghma00000000_3.pdb	53	61.65452841992648	15.335600126435429	0.33962264150943394	0.18867924528301888	0.0	53	15.569347402521592	144	0.10449927431059507	2	0		6183.11	0				dssp_failed
ghmd00000000_4	/mnt/external/TC/alphafold3_revision/analysis_mature/01_models_pdb/ghmd00000000_4.pdb	32	78.57531213760376	5.565446685782534	0.90625	0.46875	0.0	32	8.904916576223059	115	0.2318548387096774	6	5	A:4-A:12:2.04;A:4-A:14:2.40;A:8-A:32:1.63;A:12-A:26:2.49;A:14-A:26:1.72	3197.62	0				dssp_failed
ghxo00000000_6	/mnt/external/TC/alphafold3_revision/analysis_mature/01_models_pdb/ghxo00000000_6.pdb	40	92.60000019073486	4.630016406135734	1.0	1.0	0.775	40	9.093643246967906	192	0.24615384615384617	6	3	A:3-A:30:1.94;A:16-A:36:1.93;A:20-A:38:2.03	2833.59	0				dssp_failed
gjbk00000000_1	/mnt/external/TC/alphafold3_revision/analysis_mature/01_models_pdb/gjbk00000000_1.pdb	42	87.16142890566871	6.598113020946926	1.0	0.7619047619047619	0.42857142857142855	42	10.66426277424467	175	0.2032520325203252	7	4	A:2-A:20:2.23;A:10-A:25:2.02;A:20-A:39:2.23;A:23-A:34:1.95	3603.3	0				dssp_failed
gjbk00000000_2	/mnt/external/TC/alphafold3_revision/analysis_mature/01_models_pdb/gjbk00000000_2.pdb	61	69.45786860731782	12.088508681688692	0.639344262295082	0.18032786885245902	0.0	61	12.528164748287187	250	0.1366120218579235	11	6	A:3-A:20:2.01;A:6-A:15:2.07;A:8-A:58:1.89;A:15-A:39:1.98;A:29-A:44:2.00;A:42-A:53:1.97	5227.46	0				dssp_failed
gjvn00000000_1	/mnt/external/TC/alphafold3_revision/analysis_mature/01_models_pdb/gjvn00000000_1.pdb	33	94.59818175344756	2.2010907561102675	1.0	1.0	0.9393939393939394	33	8.921919512365262	130	0.24621212121212122	4	2	A:2-A:31:1.90;A:10-A:23:1.88	2962.9	0				dssp_failed
gjvo00000000_1	/mnt/external/TC/alphafold3_revision/analysis_mature/01_models_pdb/gjvo00000000_1.pdb	65	58.57353844275841	6.900198888905835	0.015384615384615385	0.0	0.0	65	15.679739309434781	266	0.12788461538461537	7	3	A:3-A:14:2.07;A:30-A:51:1.82;A:38-A:63:2.34	6092.37	0				dssp_failed
gkjd00000000_2	/mnt/external/TC/alphafold3_revision/analysis_mature/01_models_pdb/gkjd00000000_2.pdb	64	77.27953124046326	11.036918518699323	0.8125	0.453125	0.0625	64	12.596420993993101	259	0.1284722222222222	6	3	A:10-A:60:2.13;A:19-A:43:2.11;A:35-A:56:1.95	5175.75	0				dssp_failed
gkjd00000000_3	/mnt/external/TC/alphafold3_revision/analysis_mature/01_models_pdb/gkjd00000000_3.pdb	61	85.63180279340901	6.10014687284897	1.0	0.7540983606557377	0.26229508196721313	61	10.491777830988605	300	0.16393442622950818	6	3	A:7-A:57:2.02;A:16-A:40:1.77;A:32-A:53:1.99	4198.07	0				dssp_failed
gkjh00000000_2	/mnt/external/TC/alphafold3_revision/analysis_mature/01_models_pdb/gkjh00000000_2.pdb	59	55.270677857479804	5.267105510489019	0.0	0.0	0.0	59	14.361854213001434	239	0.1396843950905903	6	2	A:2-A:36:1.97;A:14-A:50:1.97	5064.78	0				dssp_failed
gkjj00000000_1	/mnt/external/TC/alphafold3_revision/analysis_mature/01_models_pdb/gkjj00000000_1.pdb	28	88.6585715157645	1.9041023444530472	1.0	1.0	0.25	28	9.082114528774426	118	0.31216931216931215	4	2	A:2-A:23:1.97;A:4-A:17:1.93	2951.62	0				dssp_failed
gkjr00000000_1	/mnt/external/TC/alphafold3_revision/analysis_mature/01_models_pdb/gkjr00000000_1.pdb	40	75.41300029754639	3.974584595898049	0.9	0.1	0.0	40	10.361613858341517	175	0.22435897435897437	7	4	A:2-A:20:1.95;A:10-A:25:1.93;A:20-A:39:2.16;A:23-A:34:1.87	3511.39	0				dssp_failed
gkke00000000_1	/mnt/external/TC/alphafold3_revision/analysis_mature/01_models_pdb/gkke00000000_1.pdb	49	89.0175506436095	5.798448114814946	0.9795918367346939	0.9387755102040817	0.5510204081632653	49	9.977182161606596	218	0.18537414965986396	9	4	A:2-A:28:2.02;A:6-A:30:1.98;A:10-A:20:1.98;A:24-A:42:1.99	3792.36	0				dssp_failed
gkke00000000_2	/mnt/external/TC/alphafold3_revision/analysis_mature/01_models_pdb/gkke00000000_2.pdb	49	89.13387765689772	5.796842691670886	0.9795918367346939	0.9387755102040817	0.5510204081632653	49	9.973427114788285	218	0.18537414965986396	9	4	A:2-A:28:2.02;A:6-A:30:1.98;A:10-A:20:1.98;A:24-A:42:1.98	3793.39	0				dssp_failed
hbua00000000_1	/mnt/external/TC/alphafold3_revision/analysis_mature/01_models_pdb/hbua00000000_1.pdb	34	63.40264701843262	6.1602135014125015	0.11764705882352941	0.0	0.0	34	9.14768213712271	114	0.20320855614973263	6	3	A:1-A:20:2.01;A:5-A:26:1.91;A:7-A:30:1.99	3295.27	0				dssp_failed
heteronyx_sp_3	/mnt/external/TC/alphafold3_revision/analysis_mature/01_models_pdb/heteronyx_sp_3.pdb	60	43.47716655731201	5.15210895845903	0.0	0.0	0.0	60	13.241369039176679	188	0.10621468926553672	6	2	A:3-A:37:2.38;A:15-A:51:2.06	6630.82	0				dssp_failed
hydroscapha_redfordi_1	/mnt/external/TC/alphafold3_revision/analysis_mature/01_models_pdb/hydroscapha_redfordi_1.pdb	40	92.19674968719482	4.9183132717625	1.0	0.975	0.75	40	9.248279768556962	186	0.23846153846153847	6	3	A:3-A:30:1.85;A:16-A:36:1.95;A:20-A:38:2.03	3128.0	0				dssp_failed
hygrobia_hermanni_1	/mnt/external/TC/alphafold3_revision/analysis_mature/01_models_pdb/hygrobia_hermanni_1.pdb	11	85.83000113747336	5.502057616668203	1.0	0.9090909090909091	0.36363636363636365	11	5.29593034616251	36	0.6545454545454545	2	1	A:5-A:11:1.48	1226.45	0				dssp_failed
iclg00000000_1	/mnt/external/TC/alphafold3_revision/analysis_mature/01_models_pdb/iclg00000000_1.pdb	16	94.7999997138977	2.358034412981505	1.0	1.0	0.9375	16	6.519779524107295	50	0.4166666666666667	2	1	A:10-A:16:1.77	1505.81	0				dssp_failed
lepiserica_sp_1	/mnt/external/TC/alphafold3_revision/analysis_mature/01_models_pdb/lepiserica_sp_1.pdb	16	94.36750030517578	2.7665648290291758	1.0	1.0	0.9375	16	6.479405997020001	57	0.475	2	1	A:10-A:16:2.01	1675.65	0				dssp_failed
lepiserica_sp_4	/mnt/external/TC/alphafold3_revision/analysis_mature/01_models_pdb/lepiserica_sp_4.pdb	64	69.7370314002037	14.930142059058797	0.5625	0.328125	0.0	64	11.903628368411539	257	0.12748015873015872	6	3	A:10-A:60:2.09;A:19-A:43:2.10;A:35-A:56:1.96	5440.99	0				dssp_failed
lepiserica_sp_5	/mnt/external/TC/alphafold3_revision/analysis_mature/01_models_pdb/lepiserica_sp_5.pdb	49	71.02204108724789	11.095625759203925	0.6122448979591837	0.2653061224489796	0.0	49	12.269727903108794	199	0.16921768707482993	5	2	A:4-A:28:1.89;A:20-A:41:2.08	4407.93	0				dssp_failed
maechidius_sp_1	/mnt/external/TC/alphafold3_revision/analysis_mature/01_models_pdb/maechidius_sp_1.pdb	30	73.89533297220866	6.377619463971353	0.7666666666666667	0.2	0.0	30	8.875228877486922	112	0.2574712643678161	4	2	A:1-A:26:2.02;A:9-A:22:1.90	2861.9	0				dssp_failed
microcara_testacea_1	/mnt/external/TC/alphafold3_revision/analysis_mature/01_models_pdb/microcara_testacea_1.pdb	53	68.19981067585495	6.848798228499971	0.4528301886792453	0.018867924528301886	0.0	53	14.442339997118944	202	0.14658925979680695	5	2	A:7-A:31:2.04;A:23-A:44:2.04	5081.34	0				dssp_failed
migdolus_fryanus_1	/mnt/external/TC/alphafold3_revision/analysis_mature/01_models_pdb/migdolus_fryanus_1.pdb	64	68.73734319210052	12.262286367204052	0.5	0.28125	0.0	64	14.176526543631383	239	0.1185515873015873	6	3	A:3-A:14:1.98;A:30-A:51:1.95;A:30-A:59:2.17	5590.87	0				dssp_failed
migdolus_fryanus_4	/mnt/external/TC/alphafold3_revision/analysis_mature/01_models_pdb/migdolus_fryanus_4.pdb	68	91.0311762865852	7.861461529956185	0.9852941176470589	0.8382352941176471	0.7058823529411765	68	11.780219666656473	333	0.14618086040386305	6	3	A:6-A:65:1.96;A:20-A:44:1.90;A:36-A:57:2.02	4449.97	0				dssp_failed
ocypus_brunnipes_1	/mnt/external/TC/alphafold3_revision/analysis_mature/01_models_pdb/ocypus_brunnipes_1.pdb	40	75.41300029754639	3.974584595898049	0.9	0.1	0.0	40	10.361613858341517	175	0.22435897435897437	7	4	A:2-A:20:1.95;A:10-A:25:1.93;A:20-A:39:2.16;A:23-A:34:1.87	3511.39	0				dssp_failed
orphnus_sp_1	/mnt/external/TC/alphafold3_revision/analysis_mature/01_models_pdb/orphnus_sp_1.pdb	48	72.56729221343994	13.65224211918141	0.6458333333333334	0.3333333333333333	0.041666666666666664	48	12.176027412052854	187	0.16578014184397163	5	2	A:3-A:27:2.04;A:19-A:40:2.03	4335.24	0				dssp_failed
orphnus_sp_2	/mnt/external/TC/alphafold3_revision/analysis_mature/01_models_pdb/orphnus_sp_2.pdb	9	93.49111005995009	1.8624615078570872	1.0	1.0	0.8888888888888888	9	5.3246864534130545	22	0.6111111111111112	2	1	A:3-A:9:1.46	1103.11	0				dssp_failed
phyllotocus_sp_3	/mnt/external/TC/alphafold3_revision/analysis_mature/01_models_pdb/phyllotocus_sp_3.pdb	63	73.39730168902685	14.68748231886969	0.6349206349206349	0.42857142857142855	0.07936507936507936	63	11.880444552262563	273	0.13978494623655913	6	3	A:9-A:59:2.01;A:18-A:42:1.89;A:34-A:55:2.01	4848.8	0				dssp_failed
psylliodes_chrysocephalus_1	/mnt/external/TC/alphafold3_revision/analysis_mature/01_models_pdb/psylliodes_chrysocephalus_1.pdb	33	93.5203032060103	2.1614474927694185	1.0	1.0	0.9393939393939394	33	8.794450218022837	131	0.2481060606060606	4	2	A:2-A:31:1.74;A:10-A:23:1.89	3009.94	0				dssp_failed
psylliodes_chrysocephalus_2	/mnt/external/TC/alphafold3_revision/analysis_mature/01_models_pdb/psylliodes_chrysocephalus_2.pdb	65	58.57353844275841	6.900198888905835	0.015384615384615385	0.0	0.0	65	15.679739309434781	266	0.12788461538461537	7	3	A:3-A:14:2.07;A:30-A:51:1.82;A:38-A:63:2.34	6092.37	0				dssp_failed
scitalia_sp_1	/mnt/external/TC/alphafold3_revision/analysis_mature/01_models_pdb/scitalia_sp_1.pdb	43	56.80604641936546	6.458097506933586	0.0	0.0	0.0	43	11.19485788244373	144	0.15946843853820597	4	0		5209.48	0				dssp_failed
serica_brunnea_1	/mnt/external/TC/alphafold3_revision/analysis_mature/01_models_pdb/serica_brunnea_1.pdb	61	84.93622964327453	6.358317916483715	1.0	0.7540983606557377	0.26229508196721313	61	10.47335035544172	295	0.16120218579234974	6	3	A:7-A:57:2.03;A:16-A:40:1.81;A:32-A:53:1.99	4215.12	0				dssp_failed
sitophilus_oryzae_2	/mnt/external/TC/alphafold3_revision/analysis_mature/01_models_pdb/sitophilus_oryzae_2.pdb	36	81.96666675143771	3.5564447998224322	1.0	0.7777777777777778	0.0	36	9.427511760225894	154	0.24444444444444444	4	2	A:2-A:23:1.97;A:10-A:31:1.85	3281.5	0				dssp_failed
sitophilus_zeamais_2	/mnt/external/TC/alphafold3_revision/analysis_mature/01_models_pdb/sitophilus_zeamais_2.pdb	36	71.9969442155626	4.506582004691192	0.6666666666666666	0.027777777777777776	0.0	36	15.807664256326447	127	0.2015873015873016	4	2	A:2-A:31:2.11;A:10-A:23:2.21	3855.49	0				dssp_failed
spercheus_emarginatus_2	/mnt/external/TC/alphafold3_revision/analysis_mature/01_models_pdb/spercheus_emarginatus_2.pdb	9	96.91222212049696	0.8331973350521413	1.0	1.0	1.0	9	5.005914768218359	23	0.6388888888888888	2	1	A:1-A:7:2.03	1261.43	0				dssp_failed
srr1562204_2	/mnt/external/TC/alphafold3_revision/analysis_mature/01_models_pdb/srr1562204_2.pdb	68	73.27632343067842	16.05004478319219	0.6176470588235294	0.4852941176470588	0.20588235294117646	68	11.232135199503348	310	0.1360842844600527	6	3	A:6-A:65:2.00;A:20-A:44:2.05;A:36-A:57:2.01	4721.2	0				dssp_failed
srr1562204_4	/mnt/external/TC/alphafold3_revision/analysis_mature/01_models_pdb/srr1562204_4.pdb	64	68.73734319210052	12.262286367204052	0.5	0.28125	0.0	64	14.176526543631383	239	0.1185515873015873	6	3	A:3-A:14:1.98;A:30-A:51:1.95;A:30-A:59:2.17	5590.87	0				dssp_failed
srr1562205_1	/mnt/external/TC/alphafold3_revision/analysis_mature/01_models_pdb/srr1562205_1.pdb	64	62.005312502384186	14.94049918819568	0.40625	0.140625	0.0	64	14.937684841944412	244	0.12103174603174603	6	2	A:14-A:38:2.15;A:30-A:51:1.98	5559.83	0				dssp_failed
srr1562205_4	/mnt/external/TC/alphafold3_revision/analysis_mature/01_models_pdb/srr1562205_4.pdb	68	91.0376470229205	7.8874023681426735	0.9852941176470589	0.8382352941176471	0.7058823529411765	68	11.722355125934781	331	0.1453028972783143	6	3	A:6-A:65:1.96;A:20-A:44:1.97;A:36-A:57:2.04	4428.79	0				dssp_failed
srr19974962_1	/mnt/external/TC/alphafold3_revision/analysis_mature/01_models_pdb/srr19974962_1.pdb	36	71.85555521647136	4.411487193856657	0.6111111111111112	0.0	0.0	36	15.809816577827114	127	0.2015873015873016	4	2	A:2-A:31:2.11;A:10-A:23:2.21	3854.87	0				dssp_failed
srr2083703_1	/mnt/external/TC/alphafold3_revision/analysis_mature/01_models_pdb/srr2083703_1.pdb	40	75.41300029754639	3.974584595898049	0.9	0.1	0.0	40	10.361613858341517	175	0.22435897435897437	7	4	A:2-A:20:1.95;A:10-A:25:1.93;A:20-A:39:2.16;A:23-A:34:1.87	3511.39	0				dssp_failed
